,Duration,Type,Call Status,Call Id,Match,mnth_sin,day_sin,hr_sin,mnth_cos,day_cos,hr_cos
0,252,Service,Existing Customer Prospect,747457303.0,1,1.2246467991473532e-16,0.0,0.258819045102521,0.8660254037844384,0.8660254037844387,0.49999999999999933
28,267,Service,Existing Customer Prospect,1028604229.0,0,1.2246467991473532e-16,0.8660254037844386,-0.7071067811865471,0.8660254037844384,6.123233995736766e-17,0.5000000000000004
68,184,Sales,New Prospect,1067467985.0,0,0.9659258262890682,0.8660254037844386,-0.4999999999999997,-0.4999999999999998,6.123233995736766e-17,0.866025403784439
108,142,Current Customer,Current Customer,1073905877.0,0,0.8660254037844386,0.49999999999999994,-0.8660254037844385,6.123233995736766e-17,0.8660254037844387,1.1943401194869635e-15
149,309,Service,New Prospect,746642373.0,1,1.2246467991473532e-16,0.7071067811865476,-0.8660254037844385,0.8660254037844384,0.5000000000000001,1.1943401194869635e-15
166,384,Service,Existing Customer Prospect,1077622354.0,1,0.7071067811865476,0.49999999999999994,0.8660254037844387,0.5000000000000001,0.8660254037844387,-0.8660254037844388
184,152,Sales,New Prospect,745885534.0,0,1.2246467991473532e-16,0.0,-2.4492935982947064e-16,0.8660254037844384,0.8660254037844387,0.8660254037844378
200,582,Current Customer,Current Customer,745149624.0,1,1.2246467991473532e-16,0.7071067811865476,0.5000000000000003,0.8660254037844384,0.5000000000000001,-1.8369701987210297e-16
214,220,Service,Referral Prospect,1029566823.0,0,1.2246467991473532e-16,0.49999999999999994,0.258819045102521,0.8660254037844384,0.8660254037844387,0.49999999999999933
233,526,Service,Existing Customer Prospect,1040088844.0,0,0.5000000000000003,0.0,-0.4999999999999997,-1.8369701987210297e-16,0.8660254037844387,0.866025403784439
252,138,Service,New Prospect,685095572.0,0,0.8660254037844386,0.49999999999999994,0.7071067811865476,6.123233995736766e-17,0.8660254037844387,-0.5000000000000004
271,145,Service,New Prospect,1071738458.0,0,0.8660254037844386,0.25881904510252074,-0.9659258262890681,6.123233995736766e-17,1.0,-0.4999999999999992
294,332,Service,Existing Customer Prospect,1029970170.0,1,1.2246467991473532e-16,0.0,0.258819045102521,0.8660254037844384,0.8660254037844387,0.49999999999999933
307,181,Service,New Prospect,701704499.0,1,1.0,0.49999999999999994,-0.4999999999999997,-0.8660254037844385,0.8660254037844387,0.866025403784439
320,63,Service,New Prospect,1059485520.0,1,1.0,0.49999999999999994,-0.25881904510252035,-0.8660254037844385,0.8660254037844387,1.0
333,79,Current Customer,Repeat Caller,1060020067.0,1,1.0,0.0,0.5000000000000003,-0.8660254037844385,0.8660254037844387,-1.8369701987210297e-16
346,71,Current Customer,Current Customer,1060717548.0,1,1.0,0.49999999999999994,-0.4999999999999997,-0.8660254037844385,0.8660254037844387,0.866025403784439
359,77,Current Customer,Current Customer,698841118.0,1,1.0,0.8660254037844386,-0.4999999999999997,-0.8660254037844385,6.123233995736766e-17,0.866025403784439
372,69,Current Customer,Current Customer,1061808956.0,1,1.0,0.7071067811865476,0.258819045102521,-0.8660254037844385,0.5000000000000001,0.49999999999999933
385,167,Service,Existing Customer Prospect,695344380.0,1,1.0,0.8660254037844386,0.5000000000000003,-0.8660254037844385,6.123233995736766e-17,-1.8369701987210297e-16
398,299,Service,New Prospect,691974283.0,1,0.9659258262890682,0.7071067811865476,-0.4999999999999997,-0.4999999999999998,0.5000000000000001,0.866025403784439
411,184,Service,New Prospect,691857482.0,1,0.9659258262890682,0.7071067811865476,0.5000000000000003,-0.4999999999999998,0.5000000000000001,-1.8369701987210297e-16
424,71,Service,Existing Customer Prospect,1066672637.0,1,0.9659258262890682,0.49999999999999994,-0.8660254037844385,-0.4999999999999998,0.8660254037844387,1.1943401194869635e-15
437,190,Current Customer,Current Customer,744276701.0,0,1.2246467991473532e-16,0.0,0.5000000000000003,0.8660254037844384,0.8660254037844387,-1.8369701987210297e-16
464,224,Service,Existing Customer Prospect,1033230978.0,0,0.258819045102521,0.0,-0.7071067811865471,0.49999999999999933,0.8660254037844387,0.5000000000000004
491,101,Service,Existing Customer Prospect,731004414.0,1,0.5000000000000003,0.0,0.7071067811865476,-1.8369701987210297e-16,0.8660254037844387,-0.5000000000000004
519,379,Service,New Prospect,1030242217.0,0,1.2246467991473532e-16,0.8660254037844386,-0.25881904510252035,0.8660254037844384,6.123233995736766e-17,1.0
612,127,Service,Existing Customer Prospect,742981272.0,0,1.2246467991473532e-16,0.25881904510252074,0.5000000000000003,0.8660254037844384,1.0,-1.8369701987210297e-16
638,579,Sales,New Prospect,742621422.0,1,1.2246467991473532e-16,0.0,0.7071067811865476,0.8660254037844384,0.8660254037844387,-0.5000000000000004
655,175,Service,New Prospect,731232888.0,1,0.5000000000000003,0.0,-0.8660254037844385,-1.8369701987210297e-16,0.8660254037844387,1.1943401194869635e-15
672,161,Service,Left Message/Voice Mail,1047134960.0,1,0.7071067811865476,0.49999999999999994,0.7071067811865476,-0.5000000000000004,0.8660254037844387,-0.5000000000000004
689,243,Current Customer,Current Customer,703730672.0,1,0.9659258262890683,0.8660254037844386,0.7071067811865476,-1.0,6.123233995736766e-17,-0.5000000000000004
706,316,Current Customer,Current Customer,697060650.0,1,1.0,0.8660254037844386,0.7071067811865476,-0.8660254037844385,6.123233995736766e-17,-0.5000000000000004
723,280,Service,Existing Customer Prospect,1069011933.0,1,0.9659258262890682,0.7071067811865476,0.5000000000000003,-0.4999999999999998,0.5000000000000001,-1.8369701987210297e-16
740,152,Service,Existing Customer Prospect,1031499150.0,1,1.2246467991473532e-16,0.7071067811865476,-0.7071067811865471,0.8660254037844384,0.5000000000000001,0.5000000000000004
744,216,Current Customer,Current Customer,1031782317.0,0,1.2246467991473532e-16,0.49999999999999994,0.7071067811865476,0.8660254037844384,0.8660254037844387,-0.5000000000000004
754,277,Service,New Prospect,1035540324.0,0,0.258819045102521,0.0,0.5000000000000003,0.49999999999999933,0.8660254037844387,-1.8369701987210297e-16
764,164,Sales,New Prospect,725873163.0,0,0.5000000000000003,0.0,-0.7071067811865471,-1.8369701987210297e-16,0.8660254037844387,0.5000000000000004
774,96,Sales,New Prospect,741585391.0,0,1.2246467991473532e-16,0.49999999999999994,0.8660254037844387,0.8660254037844384,0.8660254037844387,-0.8660254037844388
777,130,Current Customer,Current Customer,1032523154.0,0,0.258819045102521,0.8660254037844386,0.7071067811865476,0.49999999999999933,6.123233995736766e-17,-0.5000000000000004
780,187,Service,New Prospect,1037856805.0,0,0.5000000000000003,0.0,0.7071067811865476,-1.8369701987210297e-16,0.8660254037844387,-0.5000000000000004
783,126,Service,New Prospect,1031798945.0,1,1.2246467991473532e-16,0.49999999999999994,0.8660254037844387,0.8660254037844384,0.8660254037844387,-0.8660254037844388
797,226,Service,New Prospect,740670257.0,0,0.258819045102521,0.8660254037844386,-0.7071067811865471,0.49999999999999933,6.123233995736766e-17,0.5000000000000004
818,166,Sales,Existing Customer Prospect,715484516.0,0,0.8660254037844387,0.25881904510252074,-0.4999999999999997,-0.8660254037844388,1.0,0.866025403784439
840,519,Service,Existing Customer Prospect,740049880.0,0,0.258819045102521,0.49999999999999994,-0.25881904510252035,0.49999999999999933,0.8660254037844387,1.0
846,309,Sales,New Prospect,728429953.0,0,0.5000000000000003,0.7071067811865476,0.5000000000000003,-1.8369701987210297e-16,0.5000000000000001,-1.8369701987210297e-16
854,372,Service,Existing Customer Prospect,1033401293.0,1,0.258819045102521,0.0,0.7071067811865476,0.49999999999999933,0.8660254037844387,-0.5000000000000004
883,285,Current Customer,Current Customer,1033596385.0,0,0.258819045102521,0.8660254037844386,-0.4999999999999997,0.49999999999999933,6.123233995736766e-17,0.866025403784439
894,84,Current Customer,Answering Service/Call Center,1035662249.0,0,0.258819045102521,0.9659258262890682,-0.25881904510252035,0.49999999999999933,-0.4999999999999998,1.0
905,114,Current Customer,Current Customer,665786802.0,0,0.25881904510252074,0.8660254037844386,0.258819045102521,1.0,6.123233995736766e-17,0.49999999999999933
916,"1,356",Service,New Prospect,1086459588.0,0,0.25881904510252074,0.0,-0.7071067811865471,1.0,0.8660254037844387,0.5000000000000004
929,178,Service,New Prospect,1033721054.0,1,0.258819045102521,0.7071067811865476,0.258819045102521,0.49999999999999933,0.5000000000000001,0.49999999999999933
939,313,Service,New Prospect,730374194.0,1,0.5000000000000003,0.7071067811865476,-0.7071067811865471,-1.8369701987210297e-16,0.5000000000000001,0.5000000000000004
949,185,Sales,New Prospect,665820027.0,1,0.25881904510252074,0.8660254037844386,-2.4492935982947064e-16,1.0,6.123233995736766e-17,0.8660254037844378
961,181,Current Customer,Current Customer,1034365393.0,1,0.258819045102521,0.0,0.9659258262890683,0.49999999999999933,0.8660254037844387,-1.0
962,291,Service,Disconnected in Progress,713932142.0,1,0.8660254037844387,0.49999999999999994,-2.4492935982947064e-16,-0.8660254037844388,0.8660254037844387,0.8660254037844378
967,307,Sales,New Prospect,737062868.0,0,0.258819045102521,0.7071067811865476,0.258819045102521,0.49999999999999933,0.5000000000000001,0.49999999999999933
982,307,Service,Existing Customer Prospect,736536668.0,1,0.258819045102521,0.25881904510252074,-0.4999999999999997,0.49999999999999933,1.0,0.866025403784439
1004,73,Service,Left Message/Voice Mail,735868857.0,1,0.258819045102521,0.9659258262890682,-2.4492935982947064e-16,0.49999999999999933,-0.4999999999999998,0.8660254037844378
1026,223,Service,Existing Customer Prospect,734981569.0,1,0.258819045102521,0.49999999999999994,0.7071067811865476,0.49999999999999933,0.8660254037844387,-0.5000000000000004
1048,151,Service,New Prospect,736356546.0,1,0.258819045102521,0.25881904510252074,0.8660254037844387,0.49999999999999933,1.0,-0.8660254037844388
1052,168,Sales,New Prospect,736074862.0,1,0.258819045102521,0.0,0.7071067811865476,0.49999999999999933,0.8660254037844387,-0.5000000000000004
1054,181,Service,Existing Customer Prospect,1035790489.0,1,0.258819045102521,0.8660254037844386,-0.4999999999999997,0.49999999999999933,6.123233995736766e-17,0.866025403784439
1063,110,Sales,Existing Customer Prospect,1035795286.0,1,0.258819045102521,0.8660254037844386,-0.4999999999999997,0.49999999999999933,6.123233995736766e-17,0.866025403784439
1068,238,Current Customer,Current Customer,733612984.0,1,0.258819045102521,0.7071067811865476,-2.4492935982947064e-16,0.49999999999999933,0.5000000000000001,0.8660254037844378
1074,254,Service,New Prospect,735310556.0,1,0.258819045102521,0.7071067811865476,0.5000000000000003,0.49999999999999933,0.5000000000000001,-1.8369701987210297e-16
1080,323,Service,Existing Customer Prospect,729587405.0,1,0.5000000000000003,0.25881904510252074,0.7071067811865476,-1.8369701987210297e-16,1.0,-0.5000000000000004
1086,226,Service,Existing Customer Prospect,1036383936.0,1,0.258819045102521,0.25881904510252074,-0.4999999999999997,0.49999999999999933,1.0,0.866025403784439
1089,228,Service,Existing Customer Prospect,734719905.0,1,0.258819045102521,0.25881904510252074,0.5000000000000003,0.49999999999999933,1.0,-1.8369701987210297e-16
1092,341,Service,Existing Customer Prospect,1037176662.0,0,0.258819045102521,0.7071067811865476,-0.25881904510252035,0.49999999999999933,0.5000000000000001,1.0
1098,163,Service,New Prospect,1038986582.0,0,0.5000000000000003,0.0,0.7071067811865476,-1.8369701987210297e-16,0.8660254037844387,-0.5000000000000004
1104,183,Sales,New Prospect,725826919.0,0,0.5000000000000003,0.0,-0.4999999999999997,-1.8369701987210297e-16,0.8660254037844387,0.866025403784439
1110,258,Sales,New Prospect,733158841.0,1,0.5000000000000003,0.25881904510252074,-0.7071067811865471,-1.8369701987210297e-16,1.0,0.5000000000000004
1113,198,Service,Existing Customer Prospect,732985416.0,0,0.5000000000000003,0.25881904510252074,0.7071067811865476,-1.8369701987210297e-16,1.0,-0.5000000000000004
1116,484,Service,New Prospect,1037685878.0,0,0.5000000000000003,0.0,-0.8660254037844385,-1.8369701987210297e-16,0.8660254037844387,1.1943401194869635e-15
1121,176,Sales,New Prospect,1038343136.0,1,0.5000000000000003,0.7071067811865476,0.7071067811865476,-1.8369701987210297e-16,0.5000000000000001,-0.5000000000000004
1123,186,Sales,Existing Customer Prospect,731657618.0,0,0.5000000000000003,0.49999999999999994,0.5000000000000003,-1.8369701987210297e-16,0.8660254037844387,-1.8369701987210297e-16
1127,349,Service,New Prospect,731618763.0,1,0.5000000000000003,0.49999999999999994,0.7071067811865476,-1.8369701987210297e-16,0.8660254037844387,-0.5000000000000004
1131,195,Service,New Prospect,731485173.0,1,0.5000000000000003,0.25881904510252074,-0.4999999999999997,-1.8369701987210297e-16,1.0,0.866025403784439
1144,262,Service,New Prospect,731114439.0,1,0.5000000000000003,0.0,-2.4492935982947064e-16,-1.8369701987210297e-16,0.8660254037844387,0.8660254037844378
1157,196,Current Customer,Repeat Caller,715211668.0,1,0.8660254037844387,0.0,-0.8660254037844385,-0.8660254037844388,0.8660254037844387,1.1943401194869635e-15
1170,117,Service,Existing Customer Prospect,1054851120.0,1,0.9659258262890683,0.0,0.258819045102521,-1.0,0.8660254037844387,0.49999999999999933
1183,100,Service,New Prospect,730973505.0,1,0.5000000000000003,0.0,0.9659258262890683,-1.8369701987210297e-16,0.8660254037844387,-1.0
1188,129,Current Customer,Current Customer,1040858174.0,1,0.5000000000000003,0.49999999999999994,-0.8660254037844385,-1.8369701987210297e-16,0.8660254037844387,1.1943401194869635e-15
1193,139,Service,Existing Customer Prospect,1039613539.0,1,0.5000000000000003,0.49999999999999994,-0.7071067811865471,-1.8369701987210297e-16,0.8660254037844387,0.5000000000000004
1216,160,Service,Existing Customer Prospect,729650216.0,1,0.5000000000000003,0.25881904510252074,0.258819045102521,-1.8369701987210297e-16,1.0,0.49999999999999933
1239,147,Service,New Prospect,1040093481.0,0,0.5000000000000003,0.0,-0.4999999999999997,-1.8369701987210297e-16,0.8660254037844387,0.866025403784439
1244,197,Service,Existing Customer Prospect,729275533.0,1,0.5000000000000003,0.0,0.5000000000000003,-1.8369701987210297e-16,0.8660254037844387,-1.8369701987210297e-16
1247,271,Service,New Prospect,1049186837.0,1,0.8660254037844387,0.7071067811865476,-0.4999999999999997,-0.8660254037844388,0.5000000000000001,0.866025403784439
1250,386,Service,Existing Customer Prospect,728304677.0,0,0.5000000000000003,0.49999999999999994,-0.8660254037844385,-1.8369701987210297e-16,0.8660254037844387,1.1943401194869635e-15
1252,306,Service,Existing Customer Prospect,728164149.0,1,0.5000000000000003,0.49999999999999994,0.258819045102521,-1.8369701987210297e-16,0.8660254037844387,0.49999999999999933
1257,147,Service,Existing Customer Prospect,727950526.0,1,0.5000000000000003,0.25881904510252074,-0.7071067811865471,-1.8369701987210297e-16,1.0,0.5000000000000004
1302,246,Service,Existing Customer Prospect,725140547.0,1,0.7071067811865476,0.8660254037844386,0.7071067811865476,-0.5000000000000004,6.123233995736766e-17,-0.5000000000000004
1348,323,Service,Existing Customer Prospect,726930079.0,0,0.5000000000000003,0.8660254037844386,0.7071067811865476,-1.8369701987210297e-16,6.123233995736766e-17,-0.5000000000000004
1351,127,Current Customer,Current Customer,1042621029.0,0,0.5000000000000003,0.0,-2.4492935982947064e-16,-1.8369701987210297e-16,0.8660254037844387,0.8660254037844378
1354,74,Service,Left Message/Voice Mail,721469529.0,0,0.7071067811865476,0.7071067811865476,-0.7071067811865471,-0.5000000000000004,0.5000000000000001,0.5000000000000004
1357,66,Other,Other,721299255.0,0,0.7071067811865476,0.7071067811865476,0.7071067811865476,-0.5000000000000004,0.5000000000000001,-0.5000000000000004
1360,223,Service,Existing Customer Prospect,1046070983.0,0,0.7071067811865476,0.25881904510252074,0.5000000000000003,-0.5000000000000004,1.0,-1.8369701987210297e-16
1363,103,Other,Left Message/Voice Mail,720489779.0,0,0.7071067811865476,0.0,-0.4999999999999997,-0.5000000000000004,0.8660254037844387,0.866025403784439
1366,45,Other,Other,1046248165.0,0,0.7071067811865476,0.0,-2.4492935982947064e-16,-0.5000000000000004,0.8660254037844387,0.8660254037844378
1369,124,Service,Existing Customer Prospect,1047406570.0,0,0.7071067811865476,0.25881904510252074,0.8660254037844387,-0.5000000000000004,1.0,-0.8660254037844388
1372,186,Service,New Prospect,1042378388.0,1,0.5000000000000003,0.25881904510252074,-2.4492935982947064e-16,-1.8369701987210297e-16,1.0,0.8660254037844378
1377,152,Service,Existing Customer Prospect,713275788.0,1,0.8660254037844387,0.0,-2.4492935982947064e-16,-0.8660254037844388,0.8660254037844387,0.8660254037844378
1382,261,Current Customer,Current Customer,725824457.0,0,0.5000000000000003,0.0,-0.4999999999999997,-1.8369701987210297e-16,0.8660254037844387,0.866025403784439
1386,159,Service,New Prospect,1043521305.0,0,0.7071067811865476,0.25881904510252074,-0.8660254037844385,-0.5000000000000004,1.0,1.1943401194869635e-15
1393,219,Service,Disconnected in Progress,725147221.0,1,0.7071067811865476,0.8660254037844386,0.7071067811865476,-0.5000000000000004,6.123233995736766e-17,-0.5000000000000004
1399,257,Current Customer,Current Customer,724315732.0,1,0.7071067811865476,0.25881904510252074,-2.4492935982947064e-16,-0.5000000000000004,1.0,0.8660254037844378
1405,106,Service,New Prospect,1061029904.0,1,1.0,0.25881904510252074,0.5000000000000003,-0.8660254037844385,1.0,-1.8369701987210297e-16
1412,287,Service,Existing Customer Prospect,1043926336.0,1,0.7071067811865476,0.0,0.7071067811865476,-0.5000000000000004,0.8660254037844387,-0.5000000000000004
1435,98,Service,Answering Service/Call Center,1047659242.0,1,0.7071067811865476,0.9659258262890682,0.8660254037844387,-0.5000000000000004,-0.4999999999999998,-0.8660254037844388
1458,184,Service,New Prospect,1057602303.0,1,0.9659258262890683,0.0,0.8660254037844387,-1.0,0.8660254037844387,-0.8660254037844388
1481,159,Service,Answering Service/Call Center,704211629.0,1,0.9659258262890683,0.0,0.9659258262890683,-1.0,0.8660254037844387,-1.0
1506,198,Service,New Prospect,723148406.0,1,0.7071067811865476,0.7071067811865476,-2.4492935982947064e-16,-0.5000000000000004,0.5000000000000001,0.8660254037844378
1507,124,Service,Existing Customer Prospect,723059400.0,0,0.7071067811865476,0.7071067811865476,0.7071067811865476,-0.5000000000000004,0.5000000000000001,-0.5000000000000004
1534,204,Service,New Prospect,722767532.0,0,0.7071067811865476,0.49999999999999994,0.7071067811865476,-0.5000000000000004,0.8660254037844387,-0.5000000000000004
1541,342,Service,Existing Customer Prospect,1045158953.0,1,0.7071067811865476,0.0,0.7071067811865476,-0.5000000000000004,0.8660254037844387,-0.5000000000000004
1549,434,Service,New Prospect,1045468204.0,1,0.7071067811865476,0.8660254037844386,0.7071067811865476,-0.5000000000000004,6.123233995736766e-17,-0.5000000000000004
1553,187,Service,Existing Customer Prospect,1049768678.0,1,0.8660254037844387,0.0,-0.8660254037844385,-0.8660254037844388,0.8660254037844387,1.1943401194869635e-15
1557,256,Service,New Prospect,706149854.0,0,0.9659258262890683,0.0,0.5000000000000003,-1.0,0.8660254037844387,-1.8369701987210297e-16
1561,362,Service,Existing Customer Prospect,721425258.0,0,0.7071067811865476,0.7071067811865476,-0.4999999999999997,-0.5000000000000004,0.5000000000000001,0.866025403784439
1562,118,Current Customer,Current Customer,721154717.0,1,0.7071067811865476,0.49999999999999994,-0.7071067811865471,-0.5000000000000004,0.8660254037844387,0.5000000000000004
1566,117,Service,New Prospect,1048207002.0,1,0.8660254037844387,0.49999999999999994,-2.4492935982947064e-16,-0.8660254037844388,0.8660254037844387,0.8660254037844378
1570,438,Sales,Existing Customer Prospect,717323234.0,1,0.8660254037844387,0.25881904510252074,-0.7071067811865471,-0.8660254037844388,1.0,0.5000000000000004
1575,289,Service,Existing Customer Prospect,720547577.0,1,0.7071067811865476,0.0,-0.7071067811865471,-0.5000000000000004,0.8660254037844387,0.5000000000000004
1581,285,Service,Referral Prospect,1046320244.0,0,0.7071067811865476,0.0,0.7071067811865476,-0.5000000000000004,0.8660254037844387,-0.5000000000000004
1588,108,Service,New Prospect,718723924.0,0,0.7071067811865476,0.25881904510252074,0.8660254037844387,-0.5000000000000004,1.0,-0.8660254037844388
1593,269,Service,Existing Customer Prospect,699550985.0,0,1.0,0.25881904510252074,0.8660254037844387,-0.8660254037844385,1.0,-0.8660254037844388
1599,135,Current Customer,Current Customer,1047993693.0,0,0.8660254037844387,0.7071067811865476,-2.4492935982947064e-16,-0.8660254037844388,0.5000000000000001,0.8660254037844378
1603,111,Service,Existing Customer Prospect,717835517.0,1,0.8660254037844387,0.7071067811865476,0.258819045102521,-0.8660254037844388,0.5000000000000001,0.49999999999999933
1625,105,Current Customer,Current Customer,717776187.0,1,0.8660254037844387,0.7071067811865476,0.7071067811865476,-0.8660254037844388,0.5000000000000001,-0.5000000000000004
1648,74,Current Customer,Current Customer,1048148872.0,1,0.8660254037844387,0.49999999999999994,-0.7071067811865471,-0.8660254037844388,0.8660254037844387,0.5000000000000004
1670,950,Service,Existing Customer Prospect,1048156032.0,0,0.8660254037844387,0.49999999999999994,-0.7071067811865471,-0.8660254037844388,0.8660254037844387,0.5000000000000004
1691,108,Sales,New Prospect,1084774758.0,0,0.49999999999999994,0.7071067811865476,0.7071067811865476,0.8660254037844387,0.5000000000000001,-0.5000000000000004
1712,281,Service,New Prospect,717515216.0,0,0.8660254037844387,0.49999999999999994,0.258819045102521,-0.8660254037844388,0.8660254037844387,0.49999999999999933
1713,246,Service,New Prospect,1048648721.0,0,0.8660254037844387,0.0,-0.25881904510252035,-0.8660254037844388,0.8660254037844387,1.0
1714,82,Service,New Prospect,716038010.0,0,0.8660254037844387,0.7071067811865476,-2.4492935982947064e-16,-0.8660254037844388,0.5000000000000001,0.8660254037844378
1715,388,Service,New Prospect,1049270265.0,0,0.8660254037844387,0.7071067811865476,0.5000000000000003,-0.8660254037844388,0.5000000000000001,-1.8369701987210297e-16
1716,279,Service,New Prospect,1048409427.0,0,0.8660254037844387,0.25881904510252074,-0.25881904510252035,-0.8660254037844388,1.0,1.0
1721,82,Service,New Prospect,1061450334.0,0,1.0,0.9659258262890682,0.8660254037844387,-0.8660254037844385,-0.4999999999999998,-0.8660254037844388
1726,306,Service,New Prospect,1049156707.0,1,0.8660254037844387,0.7071067811865476,-0.8660254037844385,-0.8660254037844388,0.5000000000000001,1.1943401194869635e-15
1735,134,Service,New Prospect,713234719.0,0,0.8660254037844387,0.0,0.258819045102521,-0.8660254037844388,0.8660254037844387,0.49999999999999933
1757,177,Service,New Prospect,1051526779.0,1,0.8660254037844387,0.8660254037844386,0.5000000000000003,-0.8660254037844388,6.123233995736766e-17,-1.8369701987210297e-16
1780,217,Service,Existing Customer Prospect,1051766005.0,0,0.8660254037844387,0.7071067811865476,0.9659258262890683,-0.8660254037844388,0.5000000000000001,-1.0
1791,85,Hang-ups,Hang-up,710832369.0,0,0.8660254037844387,0.8660254037844386,0.8660254037844387,-0.8660254037844388,6.123233995736766e-17,-0.8660254037844388
1803,98,Service,Answering Service/Call Center,664539683.0,0,0.25881904510252074,1.0,0.5000000000000003,1.0,-0.8660254037844385,-1.8369701987210297e-16
1816,600,Service,New Prospect,1052884954.0,0,0.8660254037844387,0.7071067811865476,-2.4492935982947064e-16,-0.8660254037844388,0.5000000000000001,0.8660254037844378
1818,88,Service,New Prospect,710613563.0,0,0.8660254037844387,0.7071067811865476,-2.4492935982947064e-16,-0.8660254037844388,0.5000000000000001,0.8660254037844378
1827,134,Service,Existing Customer Prospect,710293474.0,1,0.8660254037844387,0.49999999999999994,0.258819045102521,-0.8660254037844388,0.8660254037844387,0.49999999999999933
1833,156,Service,Existing Customer Prospect,706490920.0,1,0.9659258262890683,0.25881904510252074,0.5000000000000003,-1.0,1.0,-1.8369701987210297e-16
1839,180,Service,Existing Customer Prospect,693335317.0,1,0.9659258262890682,0.49999999999999994,-0.25881904510252035,-0.4999999999999998,0.8660254037844387,1.0
1845,315,Service,New Prospect,693223565.0,1,0.9659258262890682,0.49999999999999994,0.7071067811865476,-0.4999999999999998,0.8660254037844387,-0.5000000000000004
1852,337,Service,New Prospect,1053458089.0,0,0.9659258262890683,0.0,-0.8660254037844385,-1.0,0.8660254037844387,1.1943401194869635e-15
1855,165,Service,Existing Customer Prospect,709575519.0,1,0.9659258262890683,0.0,0.8660254037844387,-1.0,0.8660254037844387,-0.8660254037844388
1874,315,Service,New Prospect,708934422.0,1,0.9659258262890683,0.7071067811865476,-0.25881904510252035,-1.0,0.5000000000000001,1.0
1876,59,Service,New Prospect,1054410720.0,1,0.9659258262890683,0.49999999999999994,0.7071067811865476,-1.0,0.8660254037844387,-0.5000000000000004
1878,316,Service,Existing Customer Prospect,708232806.0,0,0.9659258262890683,0.25881904510252074,0.7071067811865476,-1.0,1.0,-0.5000000000000004
1883,167,Service,Existing Customer Prospect,705472052.0,0,0.9659258262890683,0.7071067811865476,-0.4999999999999997,-1.0,0.5000000000000001,0.866025403784439
1888,127,Service,Existing Customer Prospect,693294291.0,0,0.9659258262890682,0.49999999999999994,-2.4492935982947064e-16,-0.4999999999999998,0.8660254037844387,0.8660254037844378
1895,76,Current Customer,Current Customer,706146243.0,0,0.9659258262890683,0.0,0.5000000000000003,-1.0,0.8660254037844387,-1.8369701987210297e-16
1898,108,Current Customer,Current Customer,705736986.0,1,0.9659258262890683,0.8660254037844386,-0.25881904510252035,-1.0,6.123233995736766e-17,1.0
1900,143,Sales,New Prospect,705735897.0,0,0.9659258262890683,0.8660254037844386,-0.25881904510252035,-1.0,6.123233995736766e-17,1.0
1903,199,Sales,Existing Customer Prospect,1056997339.0,0,0.9659258262890683,0.49999999999999994,-0.25881904510252035,-1.0,0.8660254037844387,1.0
1906,253,Sales,New Prospect,704901787.0,0,0.9659258262890683,0.49999999999999994,0.8660254037844387,-1.0,0.8660254037844387,-0.8660254037844388
1914,165,Service,Existing Customer Prospect,704214586.0,1,0.9659258262890683,0.0,0.8660254037844387,-1.0,0.8660254037844387,-0.8660254037844388
1920,77,Service,New Prospect,704213382.0,1,0.9659258262890683,0.0,0.8660254037844387,-1.0,0.8660254037844387,-0.8660254037844388
1945,109,Service,Existing Customer Prospect,1057605756.0,1,0.9659258262890683,0.0,0.8660254037844387,-1.0,0.8660254037844387,-0.8660254037844388
1970,149,Service,New Prospect,1057804238.0,1,0.9659258262890683,0.8660254037844386,-0.9659258262890681,-1.0,6.123233995736766e-17,-0.4999999999999992
1995,255,Service,Existing Customer Prospect,703275545.0,1,0.9659258262890683,0.49999999999999994,0.9659258262890683,-1.0,0.8660254037844387,-1.0
2021,192,Sales,New Prospect,703846494.0,0,0.9659258262890683,0.8660254037844386,-0.25881904510252035,-1.0,6.123233995736766e-17,1.0
2045,134,Service,New Prospect,1070105655.0,1,0.8660254037844386,0.7071067811865476,-0.9659258262890681,6.123233995736766e-17,0.5000000000000001,-0.4999999999999992
2072,365,Current Customer,Current Customer,1058187943.0,0,0.9659258262890683,0.7071067811865476,0.5000000000000003,-1.0,0.5000000000000001,-1.8369701987210297e-16
2082,97,Service,New Prospect,1058485503.0,1,0.9659258262890683,0.25881904510252074,0.258819045102521,-1.0,1.0,0.49999999999999933
2085,61,Service,Answering Service/Call Center,702749010.0,0,0.9659258262890683,0.0,-0.4999999999999997,-1.0,0.8660254037844387,0.866025403784439
2088,284,Sales,New Prospect,1063738904.0,0,1.0,0.0,0.5000000000000003,-0.8660254037844385,0.8660254037844387,-1.8369701987210297e-16
2092,89,Service,Answering Service/Call Center,702358586.0,1,1.0,0.9659258262890682,0.8660254037844387,-0.8660254037844385,-0.4999999999999998,-0.8660254037844388
2094,112,Current Customer,Current Customer,1061277247.0,1,1.0,0.0,0.5000000000000003,-0.8660254037844385,0.8660254037844387,-1.8369701987210297e-16
2097,120,Sales,New Prospect,701605286.0,0,1.0,0.49999999999999994,0.258819045102521,-0.8660254037844385,0.8660254037844387,0.49999999999999933
2100,54,Sales,New Prospect,1059707457.0,0,1.0,0.25881904510252074,-0.25881904510252035,-0.8660254037844385,1.0,1.0
2124,261,Service,New Prospect,699379437.0,0,1.0,0.0,-0.7071067811865471,-0.8660254037844385,0.8660254037844387,0.5000000000000004
2134,470,Service,Existing Customer Prospect,698441860.0,0,1.0,0.7071067811865476,0.7071067811865476,-0.8660254037844385,0.5000000000000001,-0.5000000000000004
2138,203,Sales,Existing Customer Prospect,1062485037.0,0,1.0,0.0,0.5000000000000003,-0.8660254037844385,0.8660254037844387,-1.8369701987210297e-16
2146,107,Hang-ups,Hang-up,697524037.0,0,1.0,0.0,0.7071067811865476,-0.8660254037844385,0.8660254037844387,-0.5000000000000004
2154,87,Current Customer,Current Customer,1062774312.0,1,1.0,0.8660254037844386,-0.25881904510252035,-0.8660254037844385,6.123233995736766e-17,1.0
2157,448,Service,New Prospect,696910285.0,1,1.0,0.7071067811865476,-0.25881904510252035,-0.8660254037844385,0.5000000000000001,1.0
2166,565,Service,New Prospect,691162775.0,1,0.9659258262890682,0.0,-0.4999999999999997,-0.4999999999999998,0.8660254037844387,0.866025403784439
2178,384,Service,Existing Customer Prospect,1064290606.0,1,0.9659258262890682,0.7071067811865476,0.258819045102521,-0.4999999999999998,0.5000000000000001,0.49999999999999933
2200,238,Current Customer,Current Customer,1064290759.0,1,0.9659258262890682,0.7071067811865476,0.258819045102521,-0.4999999999999998,0.5000000000000001,0.49999999999999933
2202,123,Service,New Prospect,1064782414.0,1,0.9659258262890682,0.25881904510252074,0.7071067811865476,-0.4999999999999998,1.0,-0.5000000000000004
2208,88,Current Customer,Current Customer,694378707.0,0,0.9659258262890682,0.25881904510252074,0.8660254037844387,-0.4999999999999998,1.0,-0.8660254037844388
2223,217,Service,Existing Customer Prospect,694220543.0,0,0.9659258262890682,0.0,0.8660254037844387,-0.4999999999999998,0.8660254037844387,-0.8660254037844388
2252,49,Other,Repeat Caller,1065387201.0,0,0.9659258262890682,0.7071067811865476,0.258819045102521,-0.4999999999999998,0.5000000000000001,0.49999999999999933
2258,264,Service,New Prospect,692278098.0,0,0.9659258262890682,0.8660254037844386,-0.7071067811865471,-0.4999999999999998,6.123233995736766e-17,0.5000000000000004
2264,187,Service,New Prospect,693516515.0,1,0.9659258262890682,0.7071067811865476,0.5000000000000003,-0.4999999999999998,0.5000000000000001,-1.8369701987210297e-16
2270,148,Service,Existing Customer Prospect,1066538321.0,1,0.9659258262890682,0.7071067811865476,-0.25881904510252035,-0.4999999999999998,0.5000000000000001,1.0
2273,92,Service,New Prospect,1066728644.0,1,0.9659258262890682,0.49999999999999994,-0.25881904510252035,-0.4999999999999998,0.8660254037844387,1.0
2276,179,Current Customer,Current Customer,691154562.0,1,0.9659258262890682,0.0,-0.4999999999999997,-0.4999999999999998,0.8660254037844387,0.866025403784439
2291,119,Service,Existing Customer Prospect,691006968.0,1,0.9659258262890682,0.0,0.7071067811865476,-0.4999999999999998,0.8660254037844387,-0.5000000000000004
2313,98,Service,Answering Service/Call Center,663231491.0,1,0.25881904510252074,0.0,-1.0,1.0,0.8660254037844387,-0.8660254037844379
2338,70,Current Customer,Current Customer,1067543799.0,1,0.9659258262890682,0.8660254037844386,0.5000000000000003,-0.4999999999999998,6.123233995736766e-17,-1.8369701987210297e-16
2339,216,Service,New Prospect,690370850.0,1,0.9659258262890682,0.7071067811865476,-2.4492935982947064e-16,-0.4999999999999998,0.5000000000000001,0.8660254037844378
2343,139,Service,Disconnected in Progress,1067718144.0,1,0.9659258262890682,0.7071067811865476,0.258819045102521,-0.4999999999999998,0.5000000000000001,0.49999999999999933
2348,175,Service,New Prospect,690122488.0,1,0.9659258262890682,0.49999999999999994,-0.4999999999999997,-0.4999999999999998,0.8660254037844387,0.866025403784439
2354,187,Sales,Existing Customer Prospect,1079524240.0,1,0.7071067811865476,0.8660254037844386,-0.8660254037844385,0.5000000000000001,6.123233995736766e-17,1.1943401194869635e-15
2361,52,Service,Answering Service/Call Center,689925447.0,0,0.9659258262890682,0.25881904510252074,-0.9659258262890681,-0.4999999999999998,1.0,-0.4999999999999992
2367,138,Service,New Prospect,685072425.0,1,0.8660254037844386,0.49999999999999994,0.9659258262890683,6.123233995736766e-17,0.8660254037844387,-1.0
2373,248,Sales,New Prospect,682067033.0,0,0.8660254037844386,0.7071067811865476,-0.7071067811865471,6.123233995736766e-17,0.5000000000000001,0.5000000000000004
2381,374,Service,New Prospect,1068420587.0,1,0.9659258262890682,0.0,0.258819045102521,-0.4999999999999998,0.8660254037844387,0.49999999999999933
2382,515,Service,New Prospect,1068444015.0,1,0.9659258262890682,0.0,0.5000000000000003,-0.4999999999999998,0.8660254037844387,-1.8369701987210297e-16
2396,164,Service,Existing Customer Prospect,688879721.0,1,0.9659258262890682,0.8660254037844386,0.8660254037844387,-0.4999999999999998,6.123233995736766e-17,-0.8660254037844388
2402,290,Service,Existing Customer Prospect,686982840.0,0,0.8660254037844386,0.7071067811865476,0.8660254037844387,6.123233995736766e-17,0.5000000000000001,-0.8660254037844388
2407,94,Other,Left Message/Voice Mail,685299795.0,0,0.8660254037844386,0.49999999999999994,-0.9659258262890681,6.123233995736766e-17,0.8660254037844387,-0.4999999999999992
2412,92,Service,Existing Customer Prospect,679908297.0,0,0.7071067811865476,0.25881904510252074,-0.7071067811865471,0.5000000000000001,1.0,0.5000000000000004
2417,178,Service,Existing Customer Prospect,686797594.0,1,0.8660254037844386,0.49999999999999994,-2.4492935982947064e-16,6.123233995736766e-17,0.8660254037844387,0.8660254037844378
2423,269,Service,New Prospect,1072536321.0,0,0.8660254037844386,0.7071067811865476,-0.7071067811865471,6.123233995736766e-17,0.5000000000000001,0.5000000000000004
2426,425,Sales,New Prospect,683023117.0,1,0.8660254037844386,0.25881904510252074,0.5000000000000003,6.123233995736766e-17,1.0,-1.8369701987210297e-16
2433,228,Sales,New Prospect,1073411058.0,0,0.8660254037844386,0.9659258262890682,-0.25881904510252035,6.123233995736766e-17,-0.4999999999999998,1.0
2442,229,Service,New Prospect,1073626570.0,1,0.8660254037844386,0.8660254037844386,0.7071067811865476,6.123233995736766e-17,6.123233995736766e-17,-0.5000000000000004
2445,363,Service,New Prospect,1073941566.0,1,0.8660254037844386,0.49999999999999994,-0.4999999999999997,6.123233995736766e-17,0.8660254037844387,0.866025403784439
2448,86,Service,Existing Customer Prospect,1074318297.0,0,0.8660254037844386,0.0,-0.8660254037844385,6.123233995736766e-17,0.8660254037844387,1.1943401194869635e-15
2456,168,Sales,Existing Customer Prospect,1074451717.0,1,0.8660254037844386,0.0,0.5000000000000003,6.123233995736766e-17,0.8660254037844387,-1.8369701987210297e-16
2464,104,Service,Existing Customer Prospect,680230026.0,1,0.7071067811865476,0.49999999999999994,-0.9659258262890681,0.5000000000000001,0.8660254037844387,-0.4999999999999992
2471,161,Service,Existing Customer Prospect,680156886.0,1,0.7071067811865476,0.49999999999999994,-0.4999999999999997,0.5000000000000001,0.8660254037844387,0.866025403784439
2475,158,Service,Answering Service/Call Center,1078181057.0,1,0.7071067811865476,0.9659258262890682,-2.4492935982947064e-16,0.5000000000000001,-0.4999999999999998,0.8660254037844378
2479,189,Service,Existing Customer Prospect,1075402320.0,0,0.7071067811865476,0.25881904510252074,0.8660254037844387,0.5000000000000001,1.0,-0.8660254037844388
2508,245,Service,New Prospect,1075521815.0,1,0.7071067811865476,0.0,-0.7071067811865471,0.5000000000000001,0.8660254037844387,0.5000000000000004
2525,192,Service,Existing Customer Prospect,1075638270.0,0,0.7071067811865476,0.0,0.5000000000000003,0.5000000000000001,0.8660254037844387,-1.8369701987210297e-16
2536,212,Service,New Prospect,1075653117.0,1,0.7071067811865476,0.0,0.7071067811865476,0.5000000000000001,0.8660254037844387,-0.5000000000000004
2547,241,Service,New Prospect,1076415935.0,0,0.7071067811865476,0.49999999999999994,0.9659258262890683,0.5000000000000001,0.8660254037844387,-1.0
2558,127,Service,New Prospect,678398503.0,0,0.7071067811865476,0.25881904510252074,-0.9659258262890684,0.5000000000000001,1.0,-1.0
2571,252,Service,Existing Customer Prospect,1076833447.0,0,0.7071067811865476,0.0,0.7071067811865476,0.5000000000000001,0.8660254037844387,-0.5000000000000004
2576,250,Service,Existing Customer Prospect,1076846979.0,0,0.7071067811865476,0.0,0.8660254037844387,0.5000000000000001,0.8660254037844387,-0.8660254037844388
2608,59,Sales,New Prospect,676310748.0,1,0.7071067811865476,0.0,0.258819045102521,0.5000000000000001,0.8660254037844387,0.49999999999999933
2632,89,Sales,Answering Service/Call Center,1078094235.0,1,0.7071067811865476,1.0,-0.8660254037844385,0.5000000000000001,-0.8660254037844385,1.1943401194869635e-15
2656,100,Service,Answering Service/Call Center,676138225.0,1,0.7071067811865476,0.9659258262890682,-0.5000000000000004,0.5000000000000001,-0.4999999999999998,-4.286263797015736e-16
2680,69,Service,New Prospect,1080697253.0,1,0.49999999999999994,0.9659258262890682,-0.25881904510252035,0.8660254037844387,-0.4999999999999998,1.0
2704,150,Service,Existing Customer Prospect,1086501726.0,1,0.25881904510252074,0.0,-0.25881904510252035,1.0,0.8660254037844387,1.0
2728,125,Service,Answering Service/Call Center,676158629.0,0,0.7071067811865476,1.0,0.5000000000000003,0.5000000000000001,-0.8660254037844385,-1.8369701987210297e-16
2736,47,Other,Repeat Caller,674514440.0,1,0.7071067811865476,0.0,0.7071067811865476,0.5000000000000001,0.8660254037844387,-0.5000000000000004
2750,697,Current Customer,Current Customer,674503026.0,1,0.7071067811865476,0.0,0.7071067811865476,0.5000000000000001,0.8660254037844387,-0.5000000000000004
2766,95,Service,New Prospect,672875559.0,0,0.49999999999999994,0.0,-2.4492935982947064e-16,0.8660254037844387,0.8660254037844387,0.8660254037844378
2776,111,Sales,New Prospect,1081116348.0,0,0.49999999999999994,0.7071067811865476,-2.4492935982947064e-16,0.8660254037844387,0.5000000000000001,0.8660254037844378
2778,164,Service,New Prospect,1081181755.0,1,0.49999999999999994,0.7071067811865476,0.9659258262890683,0.8660254037844387,0.5000000000000001,-1.0
2780,349,Service,Existing Customer Prospect,671682850.0,1,0.49999999999999994,0.49999999999999994,0.8660254037844387,0.8660254037844387,0.8660254037844387,-0.8660254037844388
2831,247,Service,New Prospect,671625899.0,1,0.49999999999999994,0.25881904510252074,-0.9659258262890681,0.8660254037844387,1.0,-0.4999999999999992
2883,210,Service,New Prospect,1082399038.0,0,0.49999999999999994,0.7071067811865476,0.5000000000000003,0.8660254037844387,0.5000000000000001,-1.8369701987210297e-16
2889,237,Service,Existing Customer Prospect,1082753538.0,1,0.49999999999999994,0.25881904510252074,-0.25881904510252035,0.8660254037844387,1.0,1.0
2897,127,Service,New Prospect,669331737.0,1,0.49999999999999994,1.0,-0.7071067811865471,0.8660254037844387,-0.8660254037844385,0.5000000000000004
2899,110,Service,New Prospect,669233210.0,1,0.49999999999999994,0.9659258262890682,-0.7071067811865471,0.8660254037844387,-0.4999999999999998,0.5000000000000004
2905,149,Service,New Prospect,667797040.0,1,0.49999999999999994,0.0,0.5000000000000003,0.8660254037844387,0.8660254037844387,-1.8369701987210297e-16
2914,249,Service,Existing Customer Prospect,1084975735.0,0,0.25881904510252074,0.49999999999999994,0.8660254037844387,1.0,0.8660254037844387,-0.8660254037844388
2917,132,Current Customer,Current Customer,1085277239.0,1,0.25881904510252074,0.0,-0.4999999999999997,1.0,0.8660254037844387,0.866025403784439
2947,262,Sales,New Prospect,664922979.0,0,0.25881904510252074,0.25881904510252074,0.8660254037844387,1.0,1.0,-0.8660254037844388
2953,278,Sales,New Prospect,1086552719.0,1,0.25881904510252074,0.0,0.258819045102521,1.0,0.8660254037844387,0.49999999999999933
2957,98,Current Customer,Current Customer,664262469.0,0,0.25881904510252074,0.8660254037844386,-0.4999999999999997,1.0,6.123233995736766e-17,0.866025403784439
2973,301,Service,New Prospect,662337504.0,0,0.25881904510252074,0.7071067811865476,-0.7071067811865471,1.0,0.5000000000000001,0.5000000000000004
2975,559,Service,New Prospect,662277217.0,0,0.25881904510252074,0.7071067811865476,-0.25881904510252035,1.0,0.5000000000000001,1.0
2981,84,Service,New Prospect,1089642898.0,1,0.25881904510252074,0.7071067811865476,0.7071067811865476,1.0,0.5000000000000001,-0.5000000000000004
2992,203,Service,New Prospect,659725016.0,1,0.25881904510252074,0.25881904510252074,0.8660254037844387,1.0,1.0,-0.8660254037844388
2994,50,Hang-ups,Hang-up,746141113.0,0,1.2246467991473532e-16,0.49999999999999994,-0.25881904510252035,0.8660254037844384,0.8660254037844387,1.0
3302,109,Current Customer,Current Customer,1029299345.0,0,1.2246467991473532e-16,0.7071067811865476,-0.7071067811865471,0.8660254037844384,0.5000000000000001,0.5000000000000004
3610,163,Current Customer,Current Customer,745096363.0,0,1.2246467991473532e-16,0.7071067811865476,0.8660254037844387,0.8660254037844384,0.5000000000000001,-0.8660254037844388
3918,305,Service,Existing Customer Prospect,1030192170.0,0,1.2246467991473532e-16,0.8660254037844386,-0.8660254037844385,0.8660254037844384,6.123233995736766e-17,1.1943401194869635e-15
4226,165,Service,Existing Customer Prospect,743407340.0,0,1.2246467991473532e-16,0.49999999999999994,-0.7071067811865471,0.8660254037844384,0.8660254037844387,0.5000000000000004
4534,278,Service,Existing Customer Prospect,1031052367.0,0,1.2246467991473532e-16,0.0,0.258819045102521,0.8660254037844384,0.8660254037844387,0.49999999999999933
4842,121,Sales,New Prospect,1031544181.0,0,1.2246467991473532e-16,0.7071067811865476,-2.4492935982947064e-16,0.8660254037844384,0.5000000000000001,0.8660254037844378
5150,191,Service,Existing Customer Prospect,740370646.0,0,0.258819045102521,0.7071067811865476,-0.4999999999999997,0.49999999999999933,0.5000000000000001,0.866025403784439
5458,94,Service,New Prospect,740052016.0,0,0.258819045102521,0.49999999999999994,-0.25881904510252035,0.49999999999999933,0.8660254037844387,1.0
5766,763,Current Customer,Current Customer,1033003927.0,0,0.258819045102521,0.25881904510252074,-0.8660254037844385,0.49999999999999933,1.0,1.1943401194869635e-15
6074,309,Service,New Prospect,1033243830.0,0,0.258819045102521,0.0,-0.7071067811865471,0.49999999999999933,0.8660254037844387,0.5000000000000004
6382,437,Service,New Prospect,1033335236.0,0,0.258819045102521,0.0,0.258819045102521,0.49999999999999933,0.8660254037844387,0.49999999999999933
6690,161,Service,New Prospect,1033358357.0,0,0.258819045102521,0.0,0.5000000000000003,0.49999999999999933,0.8660254037844387,-1.8369701987210297e-16
6998,239,Service,New Prospect,738455871.0,0,0.258819045102521,0.49999999999999994,0.7071067811865476,0.49999999999999933,0.8660254037844387,-0.5000000000000004
7306,232,Sales,Referral Prospect,1034080509.0,0,0.258819045102521,0.25881904510252074,0.5000000000000003,0.49999999999999933,1.0,-1.8369701987210297e-16
7614,65,Sales,New Prospect,1034257401.0,0,0.258819045102521,0.0,-2.4492935982947064e-16,0.49999999999999933,0.8660254037844387,0.8660254037844378
7922,80,Service,Answering Service/Call Center,737762383.0,0,0.258819045102521,1.0,-0.8660254037844385,0.49999999999999933,-0.8660254037844385,1.1943401194869635e-15
8230,54,Other,Other,1035771371.0,0,0.258819045102521,0.8660254037844386,-0.7071067811865471,0.49999999999999933,6.123233995736766e-17,0.5000000000000004
8538,471,Service,New Prospect,1035981042.0,0,0.258819045102521,0.7071067811865476,-0.7071067811865471,0.49999999999999933,0.5000000000000001,0.5000000000000004
8846,266,Service,New Prospect,733532741.0,0,0.258819045102521,0.7071067811865476,0.7071067811865476,0.49999999999999933,0.5000000000000001,-0.5000000000000004
9154,194,Service,Left Message/Voice Mail,733100090.0,0,0.5000000000000003,0.25881904510252074,-0.25881904510252035,-1.8369701987210297e-16,1.0,1.0
9462,302,Current Customer,Current Customer,732878088.0,0,0.5000000000000003,0.0,-0.8660254037844385,-1.8369701987210297e-16,0.8660254037844387,1.1943401194869635e-15
9770,650,Service,New Prospect,732855393.0,0,0.5000000000000003,0.0,-0.7071067811865471,-1.8369701987210297e-16,0.8660254037844387,0.5000000000000004
10078,108,Current Customer,Current Customer,1037844245.0,0,0.5000000000000003,0.0,0.7071067811865476,-1.8369701987210297e-16,0.8660254037844387,-0.5000000000000004
10386,204,Service,New Prospect,1038632182.0,0,0.5000000000000003,0.25881904510252074,-0.7071067811865471,-1.8369701987210297e-16,1.0,0.5000000000000004
10694,174,Service,Existing Customer Prospect,1038705393.0,0,0.5000000000000003,0.25881904510252074,0.258819045102521,-1.8369701987210297e-16,1.0,0.49999999999999933
11002,148,Other,Other,1038728306.0,0,0.5000000000000003,0.25881904510252074,0.5000000000000003,-1.8369701987210297e-16,1.0,-1.8369701987210297e-16
11310,202,Service,Existing Customer Prospect,729623303.0,0,0.5000000000000003,0.25881904510252074,0.5000000000000003,-1.8369701987210297e-16,1.0,-1.8369701987210297e-16
11618,221,Service,New Prospect,1040137223.0,0,0.5000000000000003,0.0,-2.4492935982947064e-16,-1.8369701987210297e-16,0.8660254037844387,0.8660254037844378
11926,171,Service,New Prospect,1040182657.0,0,0.5000000000000003,0.0,0.5000000000000003,-1.8369701987210297e-16,0.8660254037844387,-1.8369701987210297e-16
12234,229,Service,New Prospect,728297107.0,0,0.5000000000000003,0.49999999999999994,-0.8660254037844385,-1.8369701987210297e-16,0.8660254037844387,1.1943401194869635e-15
12542,500,Service,New Prospect,728167925.0,0,0.5000000000000003,0.49999999999999994,-2.4492935982947064e-16,-1.8369701987210297e-16,0.8660254037844387,0.8660254037844378
12850,292,Service,New Prospect,1040996419.0,0,0.5000000000000003,0.49999999999999994,0.7071067811865476,-1.8369701987210297e-16,0.8660254037844387,-0.5000000000000004
13158,165,Service,New Prospect,727857324.0,0,0.5000000000000003,0.25881904510252074,-2.4492935982947064e-16,-1.8369701987210297e-16,1.0,0.8660254037844378
13466,314,Service,Existing Customer Prospect,727762446.0,0,0.5000000000000003,0.25881904510252074,0.8660254037844387,-1.8369701987210297e-16,1.0,-0.8660254037844388
13774,286,Service,New Prospect,1042159501.0,0,0.5000000000000003,0.49999999999999994,-2.4492935982947064e-16,-1.8369701987210297e-16,0.8660254037844387,0.8660254037844378
14082,95,Sales,Existing Customer Prospect,1042393444.0,0,0.5000000000000003,0.25881904510252074,0.258819045102521,-1.8369701987210297e-16,1.0,0.49999999999999933
14390,177,Service,New Prospect,1042397132.0,0,0.5000000000000003,0.25881904510252074,0.258819045102521,-1.8369701987210297e-16,1.0,0.49999999999999933
14698,121,Service,New Prospect,725791878.0,0,0.5000000000000003,0.0,-0.25881904510252035,-1.8369701987210297e-16,0.8660254037844387,1.0
15006,106,Hang-ups,Hang-up,724549157.0,0,0.7071067811865476,0.49999999999999994,0.7071067811865476,-0.5000000000000004,0.8660254037844387,-0.5000000000000004
15314,129,Sales,New Prospect,1043664784.0,0,0.7071067811865476,0.25881904510252074,0.5000000000000003,-0.5000000000000004,1.0,-1.8369701987210297e-16
15622,174,Current Customer,Left Message/Voice Mail,1043852573.0,0,0.7071067811865476,0.0,-2.4492935982947064e-16,-0.5000000000000004,0.8660254037844387,0.8660254037844378
15930,453,Service,New Prospect,1044800841.0,0,0.7071067811865476,0.25881904510252074,-0.4999999999999997,-0.5000000000000004,1.0,0.866025403784439
16238,241,Sales,New Prospect,1045822902.0,0,0.7071067811865476,0.49999999999999994,-2.4492935982947064e-16,-0.5000000000000004,0.8660254037844387,0.8660254037844378
16546,372,Service,Existing Customer Prospect,1047998506.0,0,0.8660254037844387,0.7071067811865476,-2.4492935982947064e-16,-0.8660254037844388,0.5000000000000001,0.8660254037844378
16854,191,Service,Disconnected in Progress,1047999914.0,0,0.8660254037844387,0.7071067811865476,-2.4492935982947064e-16,-0.8660254037844388,0.5000000000000001,0.8660254037844378
17162,74,Current Customer,Current Customer,717775130.0,0,0.8660254037844387,0.7071067811865476,0.7071067811865476,-0.8660254037844388,0.5000000000000001,-0.5000000000000004
17470,156,Service,Existing Customer Prospect,1048655692.0,0,0.8660254037844387,0.0,-2.4492935982947064e-16,-0.8660254037844388,0.8660254037844387,0.8660254037844378
17778,186,Service,New Prospect,1050244532.0,0,0.8660254037844387,0.8660254037844386,-2.4492935982947064e-16,-0.8660254037844388,6.123233995736766e-17,0.8660254037844378
18086,215,Current Customer,Current Customer,713205134.0,0,0.8660254037844387,0.0,0.5000000000000003,-0.8660254037844388,0.8660254037844387,-1.8369701987210297e-16
18394,335,Sales,New Prospect,712397013.0,0,0.8660254037844387,0.7071067811865476,0.258819045102521,-0.8660254037844388,0.5000000000000001,0.49999999999999933
18702,264,Current Customer,Current Customer,712023794.0,0,0.8660254037844387,0.49999999999999994,0.8660254037844387,-0.8660254037844388,0.8660254037844387,-0.8660254037844388
19010,190,Service,Existing Customer Prospect,711689133.0,0,0.8660254037844387,0.25881904510252074,0.8660254037844387,-0.8660254037844388,1.0,-0.8660254037844388
19318,416,Current Customer,Current Customer,710126721.0,0,0.9659258262890683,0.25881904510252074,-0.7071067811865471,-1.0,1.0,0.5000000000000004
19626,306,Sales,New Prospect,1055574984.0,0,0.9659258262890683,0.49999999999999994,-0.8660254037844385,-1.0,0.8660254037844387,1.1943401194869635e-15
19934,215,Current Customer,Current Customer,706828789.0,0,0.9659258262890683,0.49999999999999994,0.258819045102521,-1.0,0.8660254037844387,0.49999999999999933
20242,214,Current Customer,Current Customer,1057465708.0,0,0.9659258262890683,0.0,-0.25881904510252035,-1.0,0.8660254037844387,1.0
20550,201,Service,New Prospect,1058195418.0,0,0.9659258262890683,0.7071067811865476,0.7071067811865476,-1.0,0.5000000000000001,-0.5000000000000004
20858,90,Service,Existing Customer Prospect,1058206362.0,0,0.9659258262890683,0.7071067811865476,0.7071067811865476,-1.0,0.5000000000000001,-0.5000000000000004
21166,245,Service,New Prospect,703335555.0,0,0.9659258262890683,0.49999999999999994,-0.25881904510252035,-1.0,0.8660254037844387,1.0
21474,73,Service,Existing Customer Prospect,701988014.0,0,1.0,0.7071067811865476,-0.7071067811865471,-0.8660254037844385,0.5000000000000001,0.5000000000000004
21782,96,Service,New Prospect,701984202.0,0,1.0,0.7071067811865476,-0.7071067811865471,-0.8660254037844385,0.5000000000000001,0.5000000000000004
22090,243,Service,New Prospect,1059239330.0,0,1.0,0.7071067811865476,-0.7071067811865471,-0.8660254037844385,0.5000000000000001,0.5000000000000004
22398,94,Sales,New Prospect,701917174.0,0,1.0,0.7071067811865476,-2.4492935982947064e-16,-0.8660254037844385,0.5000000000000001,0.8660254037844378
22706,721,Service,New Prospect,701599813.0,0,1.0,0.49999999999999994,0.5000000000000003,-0.8660254037844385,0.8660254037844387,-1.8369701987210297e-16
23014,128,Current Customer,Current Customer,1061224908.0,0,1.0,0.0,-2.4492935982947064e-16,-0.8660254037844385,0.8660254037844387,0.8660254037844378
23322,263,Service,New Prospect,1061284526.0,0,1.0,0.0,0.5000000000000003,-0.8660254037844385,0.8660254037844387,-1.8369701987210297e-16
23630,316,Current Customer,Current Customer,1061287610.0,0,1.0,0.0,0.7071067811865476,-0.8660254037844385,0.8660254037844387,-0.5000000000000004
23938,500,Current Customer,Current Customer,1061300770.0,0,1.0,0.0,0.7071067811865476,-0.8660254037844385,0.8660254037844387,-0.5000000000000004
24246,84,Sales,New Prospect,1061700718.0,0,1.0,0.7071067811865476,-0.8660254037844385,-0.8660254037844385,0.5000000000000001,1.1943401194869635e-15
24554,338,Service,New Prospect,697957857.0,0,1.0,0.25881904510252074,-2.4492935982947064e-16,-0.8660254037844385,1.0,0.8660254037844378
24862,72,Sales,Existing Customer Prospect,696833391.0,0,1.0,0.7071067811865476,0.5000000000000003,-0.8660254037844385,0.5000000000000001,-1.8369701987210297e-16
25170,180,Current Customer,Repeat Caller,1063178500.0,0,1.0,0.49999999999999994,-0.4999999999999997,-0.8660254037844385,0.8660254037844387,0.866025403784439
25478,220,Service,New Prospect,696520331.0,0,1.0,0.49999999999999994,0.5000000000000003,-0.8660254037844385,0.8660254037844387,-1.8369701987210297e-16
25786,82,Service,New Prospect,1063262653.0,0,1.0,0.49999999999999994,0.5000000000000003,-0.8660254037844385,0.8660254037844387,-1.8369701987210297e-16
26094,182,Service,Existing Customer Prospect,1063449838.0,0,1.0,0.25881904510252074,0.258819045102521,-0.8660254037844385,1.0,0.49999999999999933
26402,211,Service,New Prospect,695147253.0,0,0.9659258262890682,0.7071067811865476,-0.25881904510252035,-0.4999999999999998,0.5000000000000001,1.0
26710,47,Service,Answering Service/Call Center,694920283.0,0,0.9659258262890682,0.49999999999999994,-0.8660254037844385,-0.4999999999999998,0.8660254037844387,1.1943401194869635e-15
27018,346,Service,New Prospect,694735390.0,0,0.9659258262890682,0.49999999999999994,0.7071067811865476,-0.4999999999999998,0.8660254037844387,-0.5000000000000004
27326,164,Sales,Disconnected in Progress,694559983.0,0,0.9659258262890682,0.25881904510252074,-0.4999999999999997,-0.4999999999999998,1.0,0.866025403784439
27634,51,Other,Disconnected in Progress,694379729.0,0,0.9659258262890682,0.25881904510252074,0.8660254037844387,-0.4999999999999998,1.0,-0.8660254037844388
27942,90,Service,New Prospect,1064857920.0,0,0.9659258262890682,0.0,-0.25881904510252035,-0.4999999999999998,0.8660254037844387,1.0
28250,262,Service,New Prospect,1064858629.0,0,0.9659258262890682,0.0,-0.25881904510252035,-0.4999999999999998,0.8660254037844387,1.0
28558,112,Service,New Prospect,693809167.0,0,0.9659258262890682,0.8660254037844386,0.258819045102521,-0.4999999999999998,6.123233995736766e-17,0.49999999999999933
28866,52,Other,Repeat Caller,1065410842.0,0,0.9659258262890682,0.7071067811865476,0.5000000000000003,-0.4999999999999998,0.5000000000000001,-1.8369701987210297e-16
29174,217,Current Customer,Current Customer,691121445.0,0,0.9659258262890682,0.0,-0.25881904510252035,-0.4999999999999998,0.8660254037844387,1.0
29482,56,Other,Disconnected in Progress,1067535404.0,0,0.9659258262890682,0.8660254037844386,0.5000000000000003,-0.4999999999999998,6.123233995736766e-17,-1.8369701987210297e-16
29790,337,Current Customer,Current Customer,690347128.0,0,0.9659258262890682,0.7071067811865476,0.258819045102521,-0.4999999999999998,0.5000000000000001,0.49999999999999933
30098,319,Service,Existing Customer Prospect,1067761961.0,0,0.9659258262890682,0.7071067811865476,0.7071067811865476,-0.4999999999999998,0.5000000000000001,-0.5000000000000004
30406,329,Service,New Prospect,1067914368.0,0,0.9659258262890682,0.49999999999999994,-2.4492935982947064e-16,-0.4999999999999998,0.8660254037844387,0.8660254037844378
30714,581,Service,New Prospect,1068298143.0,0,0.9659258262890682,0.0,-0.8660254037844385,-0.4999999999999998,0.8660254037844387,1.1943401194869635e-15
31022,367,Service,New Prospect,1068450147.0,0,0.9659258262890682,0.0,0.5000000000000003,-0.4999999999999998,0.8660254037844387,-1.8369701987210297e-16
31330,90,Service,Answering Service/Call Center,1068479879.0,0,0.9659258262890682,0.0,0.8660254037844387,-0.4999999999999998,0.8660254037844387,-0.8660254037844388
31638,317,Service,Existing Customer Prospect,1070047319.0,0,0.8660254037844386,0.8660254037844386,0.7071067811865476,6.123233995736766e-17,6.123233995736766e-17,-0.5000000000000004
31946,102,Service,New Prospect,687246310.0,0,0.8660254037844386,0.8660254037844386,0.8660254037844387,6.123233995736766e-17,6.123233995736766e-17,-0.8660254037844388
32254,294,Sales,New Prospect,1070665971.0,0,0.8660254037844386,0.25881904510252074,0.7071067811865476,6.123233995736766e-17,1.0,-0.5000000000000004
32562,79,Service,New Prospect,686087250.0,0,0.8660254037844386,0.0,0.8660254037844387,6.123233995736766e-17,0.8660254037844387,-0.8660254037844388
32870,259,Service,Existing Customer Prospect,1071462244.0,0,0.8660254037844386,0.7071067811865476,0.7071067811865476,6.123233995736766e-17,0.5000000000000001,-0.5000000000000004
33178,397,Service,New Prospect,1072102891.0,0,0.8660254037844386,0.0,0.5000000000000003,6.123233995736766e-17,0.8660254037844387,-1.8369701987210297e-16
33486,191,Service,Existing Customer Prospect,684369779.0,0,0.8660254037844386,0.0,0.8660254037844387,6.123233995736766e-17,0.8660254037844387,-0.8660254037844388
33794,257,Current Customer,Current Customer,1072564639.0,0,0.8660254037844386,0.7071067811865476,-0.4999999999999997,6.123233995736766e-17,0.5000000000000001,0.866025403784439
34102,218,Service,New Prospect,1072751202.0,0,0.8660254037844386,0.49999999999999994,-0.4999999999999997,6.123233995736766e-17,0.8660254037844387,0.866025403784439
34410,596,Current Customer,Current Customer,683333696.0,0,0.8660254037844386,0.49999999999999994,0.7071067811865476,6.123233995736766e-17,0.8660254037844387,-0.5000000000000004
34718,205,Service,New Prospect,1073248016.0,0,0.8660254037844386,0.0,0.258819045102521,6.123233995736766e-17,0.8660254037844387,0.49999999999999933
35026,118,Current Customer,Current Customer,682013043.0,0,0.8660254037844386,0.7071067811865476,-0.25881904510252035,6.123233995736766e-17,0.5000000000000001,1.0
35334,326,Service,New Prospect,1074225986.0,0,0.8660254037844386,0.25881904510252074,0.5000000000000003,6.123233995736766e-17,1.0,-1.8369701987210297e-16
35642,212,Service,New Prospect,1074249575.0,0,0.8660254037844386,0.25881904510252074,0.8660254037844387,6.123233995736766e-17,1.0,-0.8660254037844388
35950,67,Service,Existing Customer Prospect,679522880.0,0,0.7071067811865476,0.0,0.258819045102521,0.5000000000000001,0.8660254037844387,0.49999999999999933
36258,87,Other,Other,1076694577.0,0,0.7071067811865476,0.0,-0.8660254037844385,0.5000000000000001,0.8660254037844387,1.1943401194869635e-15
36566,156,Sales,New Prospect,1077405331.0,0,0.7071067811865476,0.7071067811865476,0.7071067811865476,0.5000000000000001,0.5000000000000001,-0.5000000000000004
36874,317,Sales,New Prospect,676370647.0,0,0.7071067811865476,0.0,-0.25881904510252035,0.5000000000000001,0.8660254037844387,1.0
37182,82,Service,New Prospect,674498950.0,0,0.7071067811865476,0.0,0.7071067811865476,0.5000000000000001,0.8660254037844387,-0.5000000000000004
37798,133,Service,Existing Customer Prospect,1082291138.0,0,0.49999999999999994,0.7071067811865476,-0.8660254037844385,0.8660254037844387,0.5000000000000001,1.1943401194869635e-15
38106,345,Service,New Prospect,1082365423.0,0,0.49999999999999994,0.7071067811865476,-2.4492935982947064e-16,0.8660254037844387,0.5000000000000001,0.8660254037844378
38414,259,Service,Existing Customer Prospect,1082403203.0,0,0.49999999999999994,0.7071067811865476,0.5000000000000003,0.8660254037844387,0.5000000000000001,-1.8369701987210297e-16
38722,217,Service,New Prospect,1082995816.0,0,0.49999999999999994,0.0,-2.4492935982947064e-16,0.8660254037844387,0.8660254037844387,0.8660254037844378
39030,103,Service,New Prospect,666821829.0,0,0.25881904510252074,0.49999999999999994,0.258819045102521,1.0,0.8660254037844387,0.49999999999999933
39338,476,Service,New Prospect,666269220.0,0,0.25881904510252074,0.0,0.258819045102521,1.0,0.8660254037844387,0.49999999999999933
39646,221,Service,New Prospect,1086065508.0,0,0.25881904510252074,0.49999999999999994,-0.25881904510252035,1.0,0.8660254037844387,1.0
39954,399,Service,Existing Customer Prospect,1086227990.0,0,0.25881904510252074,0.25881904510252074,-0.7071067811865471,1.0,1.0,0.5000000000000004
40262,280,Service,Existing Customer Prospect,1086292741.0,0,0.25881904510252074,0.25881904510252074,-2.4492935982947064e-16,1.0,1.0,0.8660254037844378
40570,84,Other,Left Message/Voice Mail,1086325422.0,0,0.25881904510252074,0.25881904510252074,0.5000000000000003,1.0,1.0,-1.8369701987210297e-16
40878,90,Current Customer,Left Message/Voice Mail,664688822.0,0,0.25881904510252074,0.0,0.258819045102521,1.0,0.8660254037844387,0.49999999999999933
48132,86,Service,New Prospect,1029064181.0,0,1.2246467991473532e-16,0.9659258262890682,0.7071067811865476,0.8660254037844384,-0.4999999999999998,-0.5000000000000004
48516,254,Service,Existing Customer Prospect,735698948.0,0,0.258819045102521,0.8660254037844386,-0.4999999999999997,0.49999999999999933,6.123233995736766e-17,0.866025403784439
48530,156,Service,Existing Customer Prospect,1035976761.0,0,0.258819045102521,0.7071067811865476,-0.7071067811865471,0.49999999999999933,0.5000000000000001,0.5000000000000004
48546,558,Sales,New Prospect,734374738.0,0,0.258819045102521,0.0,0.5000000000000003,0.49999999999999933,0.8660254037844387,-1.8369701987210297e-16
48772,327,Service,New Prospect,727813830.0,0,0.5000000000000003,0.25881904510252074,0.5000000000000003,-1.8369701987210297e-16,1.0,-1.8369701987210297e-16
48905,158,Service,New Prospect,722749931.0,0,0.7071067811865476,0.49999999999999994,0.8660254037844387,-0.5000000000000004,0.8660254037844387,-0.8660254037844388
48965,189,Service,Existing Customer Prospect,714330484.0,0,0.8660254037844387,0.7071067811865476,-0.7071067811865471,-0.8660254037844388,0.5000000000000001,0.5000000000000004
48989,196,Service,New Prospect,714135791.0,0,0.8660254037844387,0.7071067811865476,0.8660254037844387,-0.8660254037844388,0.5000000000000001,-0.8660254037844388
49038,126,Service,Existing Customer Prospect,1053639498.0,0,0.9659258262890683,0.0,0.8660254037844387,-1.0,0.8660254037844387,-0.8660254037844388
49269,212,Service,Existing Customer Prospect,699630620.0,0,1.0,0.25881904510252074,0.258819045102521,-0.8660254037844385,1.0,0.49999999999999933
49294,258,Service,New Prospect,699215555.0,0,1.0,0.0,0.5000000000000003,-0.8660254037844385,0.8660254037844387,-1.8369701987210297e-16
49301,140,Service,New Prospect,698335836.0,0,1.0,0.49999999999999994,-0.8660254037844385,-0.8660254037844385,0.8660254037844387,1.1943401194869635e-15
49312,331,Service,New Prospect,695288633.0,1,1.0,0.8660254037844386,0.8660254037844387,-0.8660254037844385,6.123233995736766e-17,-0.8660254037844388
49431,86,Service,Answering Service/Call Center,1068232721.0,0,0.9659258262890682,0.0,-0.866025403784439,-0.4999999999999998,0.8660254037844387,-0.8660254037844392
49488,100,Service,Answering Service/Call Center,1069261991.0,1,0.9659258262890682,0.25881904510252074,-0.866025403784439,-0.4999999999999998,1.0,-0.8660254037844392
49620,278,Service,Existing Customer Prospect,1077347308.0,0,0.7071067811865476,0.7071067811865476,-2.4492935982947064e-16,0.5000000000000001,0.5000000000000001,0.8660254037844378
49698,228,Service,New Prospect,668257857.0,0,0.49999999999999994,0.25881904510252074,-0.8660254037844385,0.8660254037844387,1.0,1.1943401194869635e-15
